,id,Price
0,392779,129.51
1,12456183,90.39
2,1851863,98.1
3,23309878,133.1
4,10768347,51.8
5,9805136,176.88
6,7638078,97.27
7,19786008,191.81
8,430609,207.89
9,23906857,81.53
10,20505441,77.94
11,29776305,30.24
12,22530470,80.86
13,14917821,130.63
14,4430381,165.22
15,30018930,305.84
16,1901706,103.04
17,5340242,108.33
18,21263484,314.24
19,9137398,96.98
20,9531,134.13
21,7324041,77.13
22,24875091,121.89
23,11194237,88.0
24,29338990,154.95
25,11257096,145.01
26,22755162,111.85
27,31988606,200.29
28,19894117,384.07
29,13734942,98.81
30,11193878,88.25
31,3992155,115.65
32,20405820,81.51
33,3441487,155.02
34,11679184,99.68
35,13546442,48.61
36,28161008,123.77
37,7619727,145.33
38,22869681,109.6
39,28028532,102.9
40,23436344,213.84
41,25450282,280.65
42,25781596,111.54
43,17625433,241.0
44,13674411,40.69
45,4730377,57.7
46,28275205,93.34
47,29636713,169.25
48,29396603,106.02
49,28893759,62.1
50,28335174,101.48
51,24394251,120.35
52,7843995,149.95
53,23939451,170.32
54,23565007,127.97
55,18895355,121.5
56,24090496,134.62
57,20328966,234.28
58,18614738,122.56
59,21357272,125.0
60,23700108,337.12
61,19807175,52.85
62,9449437,334.2
63,10459203,88.17
64,15300784,158.19
65,12379796,125.15
66,24338658,152.91
67,20571788,93.14
68,22211633,189.84
69,20712028,57.35
70,5695344,54.44
71,18809004,127.73
72,506542,114.2
73,21840175,101.91
74,6603410,103.84
75,20680550,81.78
76,13845855,117.47
77,11533621,117.0
78,3888986,42.1
79,27489843,149.18
80,10814218,125.73
81,28713206,61.78
82,4738971,100.73
83,12497708,89.74
84,28164033,105.25
85,604600,149.28
86,12965791,176.53
87,1163345,153.17
88,25770686,62.79
89,28736833,98.58
90,1531458,103.41
91,5671843,69.82
92,19528527,280.23
93,24968615,147.32
94,20135615,125.51
95,26368067,102.23
96,29245897,162.8
97,24729462,180.27
98,4364624,101.45
99,13379950,203.04
100,16778611,66.01
101,29243569,176.61
102,21717949,78.75
103,16645647,131.72
104,23414672,101.13
105,12157471,103.46
106,27342661,121.37
107,6187841,190.93
108,8327124,408.44
109,31465446,112.83
110,3120652,115.94
111,27706051,95.95
112,30539632,256.94
113,30133203,191.24
114,17827783,139.19
115,7860837,88.29
116,251922,129.68
117,22208879,187.24
118,1356339,123.27
119,6543683,70.01
120,7698701,97.99
121,225820,84.19
122,20048825,67.48
123,3404557,41.47
124,7636185,102.44
125,8410028,127.72
126,26756529,76.15
127,24582989,93.91
128,21162392,78.36
129,3987838,92.46
130,25289499,111.19
131,13098840,215.47
132,22177229,148.19
133,30952709,123.53
134,28286173,320.08
135,29516037,131.34
136,3273014,91.21
137,26131077,93.21
138,9534,120.62
139,31717816,77.13
140,8253456,134.68
141,30374039,174.99
142,3124961,211.12
143,12378099,61.02
144,4218733,113.01
145,31151004,79.31
146,13550784,207.35
147,20917942,113.91
148,22213318,298.59
149,26331514,131.73
150,30593898,116.54
151,22240884,66.28
152,11603110,212.25
153,30718402,49.8
154,14577606,90.41
155,25115867,82.96
156,4871348,96.73
157,17212116,158.2
158,30693419,98.55
159,8385444,108.03
160,28306348,125.2
161,19785987,262.79
162,14992529,246.26
163,25918552,51.9
164,31129657,91.21
165,27911279,105.93
166,384797,534.84
167,30047741,120.26
168,29056987,132.54
169,22939326,122.76
170,2614238,73.0
171,6365330,131.5
172,24253270,87.56
173,17184454,330.08
174,17177425,88.44
175,15362150,89.73
176,30960947,90.67
177,15660996,120.34
178,15407909,443.52
179,17556476,39.01
180,8130467,112.46
181,24399572,65.37
182,26425189,138.81
183,29961931,105.87
184,20033536,102.84
185,6938103,67.08
186,12056343,173.87
187,10861649,89.01
188,22151274,240.68
189,10363748,215.26
190,1042022,95.41
191,19970485,95.75
192,23853789,74.56
193,25968036,220.11
194,26789767,81.26
195,25998193,66.37
196,32186332,66.28
197,12234088,123.02
198,16915835,117.16
199,30690417,228.14
200,24681175,222.43
201,17046171,224.45
202,29879250,102.55
203,18139432,70.07
204,21093691,92.77
205,26605642,254.69
206,22818041,101.34
207,31654949,111.17
208,22670142,92.08
209,6555393,107.32
210,24772746,114.14
211,25053046,171.5
212,13157211,78.41
213,8507062,61.69
214,21682649,86.28
215,26715702,159.2
216,17094436,94.47
217,13021356,75.24
218,14250772,101.77
219,6813846,129.57
220,28284668,61.63
221,8869680,101.51
222,22702281,140.82
223,23400755,138.29
224,22412333,64.3
225,13927736,176.26
226,17228779,50.3
227,25745348,168.88
228,24888909,79.74
229,31496691,58.19
230,6411259,61.29
231,5395530,130.96
232,11911218,139.69
233,21428772,93.71
234,21366186,394.74
235,10497998,95.9
236,12002753,60.19
237,22021587,165.11
238,31668842,129.88
239,22151550,361.4
240,22190735,101.95
241,20886381,220.74
242,6481695,96.51
243,2727808,102.15
244,1260259,100.83
245,29736429,148.94
246,31985448,87.59
247,30963639,186.42
248,19913570,93.44
249,21081142,176.86
250,20390340,189.05
251,30894545,140.03
252,22385671,139.3
253,19786065,230.0
254,18919033,142.51
255,21683972,201.54
256,18094893,184.11
257,15288743,116.53
258,12068660,51.12
259,30156217,48.22
260,9611409,92.19
261,19862672,278.62
262,30696783,101.12
263,13771896,63.73
264,23080440,345.42
265,13332139,262.15
266,12193458,330.43
267,28303515,99.02
268,21177098,77.39
269,10266102,218.78
270,16603284,145.82
271,25898095,185.54
272,9011350,60.07
273,9157232,45.75
274,23881678,68.7
275,21439143,146.45
276,17243214,147.97
277,15625389,83.27
278,6226804,66.63
279,31880839,149.78
280,21712755,191.81
281,3812957,132.62
282,29073736,22.79
283,5470629,100.11
284,13078053,265.93
285,29510156,92.8
286,12233882,63.18
287,13823956,85.44
288,12572643,68.46
289,20176915,182.93
290,311790,59.39
291,8053396,151.64
292,12905876,107.75
293,21724500,184.17
294,25624096,149.99
295,8538420,133.55
296,6831239,44.77
297,23673630,217.86
298,9460,90.32
299,2291123,157.6
300,19039326,53.89
301,20690887,236.4
302,26721802,100.64
303,13913655,112.92
304,9814002,104.25
305,23980217,128.56
306,18444403,188.76
307,29858843,62.85
308,7005538,315.99
309,22131406,116.49
310,22151282,318.42
311,1599856,101.48
312,21487700,105.45
313,16283445,149.74
314,6795678,102.71
315,4287974,130.52
316,30299327,34.97
317,18690558,73.06
318,25767173,200.59
319,21155590,115.79
320,20038601,122.79
321,22160061,269.84
322,2557712,162.95
323,22715967,137.92
324,24790991,170.16
325,22151240,216.35
326,9995551,100.66
327,26472719,165.71
328,26640591,59.25
329,30113499,112.77
330,18292314,882.28
331,22213295,327.26
332,29900958,119.45
333,19100455,76.41
334,14166071,99.11
335,13606919,182.76
336,24369225,126.81
337,20626390,166.54
338,20815672,198.17
339,21025055,162.71
340,20450365,163.3
341,281789,99.31
342,17796317,188.17
343,31540878,141.11
344,12153406,105.06
345,12611893,106.81
346,22997927,55.82
347,27369848,29.88
348,22153602,205.39
349,20679053,143.77
350,31932533,89.88
351,4892357,86.59
352,18459335,215.11
353,25517820,59.47
354,977722,87.14
355,20367435,123.67
356,22209037,157.52
357,8147215,178.04
358,20390286,205.27
359,23924726,123.73
360,13101706,115.0
361,13046830,139.03
362,30113905,111.62
363,20762019,96.4
364,21838464,93.1
365,24223451,142.33
366,21934066,55.82
367,7938941,168.99
368,13330952,186.25
369,25166193,508.98
370,24734649,124.45
371,27986270,148.93
372,2989758,130.69
373,22818043,101.28
374,20214304,74.91
375,3732103,40.03
376,24950039,113.51
377,23452327,199.98
378,1716901,99.44
379,22508085,98.0
380,22446732,976.17
381,13913909,107.4
382,32049033,132.09
383,948077,103.3
384,14903598,116.77
385,9473967,60.07
386,24082242,156.71
387,22817473,102.03
388,8174943,49.64
389,7363462,50.09
390,2847177,90.83
391,29512429,88.15
392,29015749,90.22
393,18475687,53.46
394,22210581,191.76
395,15860415,335.6
396,6134153,165.69
397,31040215,89.84
398,31804410,67.53
399,1090449,125.19
400,723846,93.38
401,20982684,43.86
402,19909205,229.27
403,30661367,224.51
404,27491280,58.98
405,28218111,200.94
406,13943092,108.91
407,1618842,106.56
408,22211774,195.16
409,3242605,65.23
410,19386403,116.54
411,31384386,109.59
412,4047058,75.21
413,19141758,225.78
414,25969751,368.27
415,17302157,198.23
416,5978216,89.37
417,5792683,112.02
418,18008942,94.63
419,21839478,152.72
420,25982876,229.31
421,32049308,132.02
422,12932444,70.52
423,12908346,143.62
424,15253642,71.71
425,22845484,104.99
426,17763220,100.42
427,15774993,180.1
428,6707735,89.01
429,31617097,89.03
430,21484178,139.36
431,21153013,57.54
432,19738460,65.35
433,29245842,156.06
434,1200083,976.05
435,28559462,96.72
436,27368322,161.29
437,30939784,185.69
438,24200913,117.74
439,27504319,116.1
440,20024743,74.88
441,29287942,103.82
442,24062168,85.9
443,12412283,86.67
444,27110436,104.29
445,19629725,88.07
446,2693700,105.44
447,24434540,60.24
448,28436073,84.17
449,24771596,276.72
450,23700263,307.7
451,23883355,94.51
452,13488080,69.34
453,24388227,280.27
454,14693630,77.93
455,29378210,148.82
456,27555990,100.19
457,20656485,163.13
458,14502893,93.84
459,10385048,142.56
460,3868138,213.13
461,17435798,108.55
462,20501756,51.07
463,23699597,562.85
464,2620429,207.81
465,661708,209.68
466,22151533,350.87
467,30425089,62.7
468,31799587,16.33
469,13073909,68.63
470,28868804,99.86
471,32049348,116.54
472,3544964,51.69
473,26846570,78.15
474,25221855,212.86
475,20902861,139.37
476,22208661,215.31
477,22213217,265.01
478,202251,222.9
479,6328923,83.67
480,7117208,158.09
481,14360488,68.73
482,23109996,127.31
483,2736961,79.88
484,17702027,88.44
485,28722561,111.38
486,23165740,126.75
487,22267394,183.71
488,5578943,75.75
489,7418814,107.68
490,19161592,215.95
491,17926290,121.87
492,7807268,959.69
493,22515738,266.32
494,29474883,450.61
495,15159894,107.04
496,1802663,107.34
497,4777832,123.22
498,24494128,195.05
499,21305258,66.68
500,28506330,104.96
501,9909,241.17
502,24749819,128.38
503,4286182,102.34
504,1500353,109.49
505,13033576,101.17
506,23060857,57.63
507,25595580,37.77
508,15026156,90.97
509,13419124,121.23
510,11549328,115.04
511,30463578,66.36
512,22956885,65.72
513,7615170,106.92
514,1556170,101.38
515,4607830,103.1
516,8425013,380.37
517,19657303,87.32
518,29979422,99.85
519,4100009,115.37
520,22438516,268.69
521,19414098,145.65
522,29040124,78.09
523,22152321,211.15
524,8404265,109.4
525,28896276,111.29
526,31909341,115.88
527,20759002,91.21
528,25205611,52.66
529,1256892,96.94
530,28214746,114.7
531,17624416,216.2
532,28609889,114.57
533,27210053,63.84
534,7988300,69.85
535,6389657,101.45
536,20978960,100.06
537,18943180,117.98
538,25727148,102.58
539,21566209,47.47
540,3273240,142.04
541,15270512,121.23
542,27144007,57.47
543,902243,225.9
544,28309197,188.75
545,8311242,147.71
546,26232507,292.86
547,3158243,120.54
548,5978160,100.74
549,28021746,81.58
550,26747050,151.21
551,14610580,135.68
552,12704096,61.0
553,3206305,78.05
554,25169234,102.56
555,22152424,206.12
556,27261137,46.72
557,2441908,144.04
558,22446734,969.93
559,28522526,79.52
560,16026470,80.58
561,26951286,69.62
562,752483,169.26
563,4170863,96.17
564,15832847,145.77
565,23016784,118.4
566,19015514,90.01
567,26310453,73.8
568,27091529,299.02
569,18526509,147.28
570,23356,286.09
571,30594202,180.13
572,17701563,326.55
573,15550339,157.75
574,24673935,174.43
575,23611846,93.58
576,5174876,92.23
577,21610694,105.04
578,20014998,51.85
579,3703121,105.86
580,27345189,176.2
581,13494687,104.09
582,26844834,149.99
583,26138712,97.46
584,2373176,110.19
585,7638282,89.06
586,5805162,118.74
587,22151216,207.97
588,22578495,59.42
589,22151257,205.2
590,18825843,103.12
591,24314883,141.05
592,13751731,193.43
593,27399732,86.94
594,10125020,125.78
595,20153039,60.56
596,25487189,193.96
597,28639613,96.71
598,32225467,109.86
599,10186540,147.14
600,13779044,97.74
601,7350456,99.72
602,28230254,170.08
603,9712716,75.67
604,3624990,213.17
605,21445291,177.21
606,30396833,149.2
607,708774,141.02
608,26718147,57.22
609,20269051,126.49
610,25355677,74.13
611,24582150,137.59
612,22411153,126.16
613,11374472,61.96
614,28411915,65.83
615,17907723,80.2
616,22452441,118.4
617,29369527,158.55
618,29183228,158.73
619,25052693,131.44
620,18230891,151.59
621,16325947,164.69
622,23609583,117.54
623,21199701,138.49
624,26604453,80.34
625,18058644,188.42
626,21297099,89.38
627,30353785,185.18
628,2882641,209.45
629,18810713,201.36
630,32239373,162.96
631,13155310,123.44
632,8155710,40.51
633,19786059,249.68
634,7776701,206.97
635,778382,204.27
636,4933447,113.39
637,16622820,76.48
638,22212957,193.4
639,13296754,88.43
640,26839361,151.05
641,22379129,101.7
642,1511620,46.29
643,24894772,66.5
644,21023631,83.92
645,14078541,107.68
646,18026213,313.55
647,8505940,61.32
648,30696767,143.38
649,2387605,86.06
650,14449563,107.43
651,31908087,97.41
652,29860790,149.57
653,1422383,49.38
654,4693488,88.53
655,31502705,200.22
656,3385421,201.36
657,22205994,63.36
658,21323426,52.13
659,12972518,172.0
660,18292292,1001.7
661,17047258,360.69
662,6438518,135.62
663,21511283,211.12
664,29824159,163.64
665,24043154,97.36
666,22151410,217.97
667,30994069,119.26
668,19543829,66.44
669,21665277,94.69
670,3898692,117.07
671,493591,54.74
672,21388775,215.86
673,30593930,119.89
674,7697340,284.53
675,17184474,145.24
676,5067177,39.41
677,226677,65.15
678,28656754,78.84
679,12571643,79.21
680,18444390,170.77
681,25372987,127.08
682,31386989,238.27
683,23924818,111.94
684,5232122,158.9
685,16220757,207.4
686,21332189,159.41
687,21757332,147.52
688,30498776,156.62
689,11907396,130.23
690,14857553,132.64
691,11399318,45.13
692,28812324,118.19
693,22794336,111.93
694,15454883,87.52
695,12931310,58.19
696,22751612,103.84
697,17974745,239.07
698,21070467,130.31
699,26888506,100.26
700,16453524,119.36
701,22363310,242.1
702,29286756,98.51
703,24699886,163.33
704,15430601,56.3
705,20831049,112.22
706,3783162,248.65
707,26789216,108.16
708,32192574,35.64
709,2459519,500.94
710,31672560,49.25
711,24696282,124.55
712,25816497,100.3
713,18521486,254.46
714,29732961,371.57
715,4760968,63.97
716,609610,107.98
717,9435521,58.75
718,7735282,122.78
719,13057611,157.3
720,29660309,99.34
721,16997899,74.36
722,13093129,168.53
723,14872823,80.49
724,18237332,115.37
725,30655290,94.32
726,18121216,67.92
727,13017780,132.31
728,9813684,63.84
729,9174327,80.17
730,22181271,97.86
731,21014515,266.48
732,9234966,106.59
733,26566116,103.49
734,21066110,74.62
735,21148583,97.93
736,14073646,91.69
737,32137999,199.15
738,10341497,102.27
739,28386920,98.68
740,30395087,158.08
741,21176143,115.13
742,30509888,79.8
743,30086841,110.0
744,4593608,273.8
745,1588992,83.62
746,29762331,92.03
747,28839429,123.17
748,22105440,214.06
749,16601505,176.07
750,18055960,99.51
751,13799451,108.01
752,19663881,128.51
753,13960396,112.13
754,31880357,46.97
755,2686374,167.68
756,15339026,371.32
757,29239370,91.28
758,22767549,120.53
759,557126,88.61
760,26326464,99.56
761,12191280,85.98
762,13172049,108.43
763,26570011,60.15
764,31763541,100.96
765,18274439,65.99
766,14224048,311.06
767,2069917,100.26
768,10677911,157.28
769,5057466,79.9
770,27554308,70.22
771,15109066,110.88
772,20032059,102.79
773,24245145,81.64
774,13602047,213.29
775,8307502,259.22
776,17095283,88.36
777,25141810,121.72
778,25068215,59.45
779,12907218,69.23
780,31623027,119.35
781,12370400,122.06
782,22209015,351.94
783,226536,68.07
784,21935634,65.68
785,32089463,208.5
786,8889257,177.36
787,23878500,61.78
788,3340727,80.24
789,21023969,195.0
790,2522091,109.91
791,21190824,112.23
792,19699462,107.92
793,15097597,73.11
794,31883685,210.15
795,15592690,198.06
796,6990882,280.17
797,27965255,164.27
798,19635987,67.31
799,14715742,88.66
800,28458504,141.21
801,12265836,80.64
802,26448906,94.97
803,11972509,173.84
804,6779893,106.47
805,318475,121.0
806,5602370,110.96
807,3835995,100.27
808,26862538,80.25
809,24761379,402.54
810,13331221,151.22
811,564428,65.31
812,21372033,132.5
813,16755038,121.26
814,30319513,83.5
815,24760583,332.54
816,15455527,152.75
817,22844360,142.52
818,16426835,82.52
819,15344120,57.16
820,5386937,130.97
821,25893700,102.68
822,3372535,50.51
823,3022308,104.8
824,5686435,321.0
825,21437004,338.05
826,19849024,41.4
827,24921116,167.36
828,24443627,120.32
829,5383192,126.59
830,18524093,150.06
831,19357083,52.72
832,25029389,133.02
833,29246048,154.37
834,4757025,119.61
835,24602364,84.4
836,25487561,174.16
837,13881097,141.2
838,28540712,51.02
839,23567391,121.44
840,13877143,135.51
841,25943915,276.42
842,22145416,348.22
843,31386182,68.54
844,13868417,155.14
845,12431572,140.86
846,16621920,73.37
847,12831734,122.99
848,22210770,156.58
849,17751657,53.34
850,31562982,123.56
851,22208706,181.36
852,23852348,60.32
853,28403987,129.82
854,29986857,74.92
855,30821427,89.84
856,18992520,40.25
857,132120,101.72
858,17994231,91.6
859,29910835,126.56
860,27262676,26.11
861,22153586,158.85
862,26202278,119.11
863,21381109,93.53
864,12378237,61.04
865,31569865,62.92
866,11640921,45.16
867,9494946,60.11
868,4760472,102.58
869,14108275,99.95
870,10262971,70.32
871,20233409,94.55
872,30982022,35.0
873,24019658,179.18
874,25210949,108.27
875,21006172,192.98
876,19843399,107.82
877,18292273,995.49
878,1562643,305.29
879,25078326,123.57
880,461234,105.42
881,13935333,70.88
882,29803688,68.07
883,11825856,139.34
884,21475173,101.6
885,21581819,129.51
886,26963733,211.27
887,16492155,142.03
888,13453295,68.61
889,28032424,137.8
890,31926784,272.59
891,25085566,87.16
892,5364414,267.7
893,20285016,127.21
894,20498045,78.04
895,10332360,116.43
896,4599119,137.77
897,26086562,82.95
898,5402304,133.33
899,22446744,976.17
900,29212926,103.69
901,16218478,100.19
902,22210556,191.36
903,8051134,84.32
904,13033094,70.56
905,26252459,73.6
906,19743791,274.44
907,4409731,174.66
908,12564417,61.44
909,18768310,83.41
910,10912040,137.94
911,29029778,271.37
912,7071114,96.83
913,24037284,91.05
914,19786000,280.38
915,6716874,92.27
916,5160893,84.68
917,19419602,120.42
918,12906576,80.48
919,13083601,142.88
920,7131797,105.92
921,25458324,54.13
922,15255673,133.36
923,30042772,68.32
924,22076915,108.5
925,20692613,106.96
926,20806894,60.13
927,29015836,220.92
928,14884138,128.77
929,30571946,110.72
930,26639782,117.06
931,20625429,51.76
932,22351127,238.69
933,24493115,74.25
934,1002835,187.67
935,24479408,104.12
936,1628210,124.25
937,30328246,114.93
938,16232090,102.59
939,22817512,101.66
940,16101111,313.87
941,14993491,216.3
942,24304480,93.99
943,7581631,150.86
944,13115738,156.25
945,18673495,225.11
946,11421714,101.25
947,20137424,119.84
948,15548833,429.95
949,5682316,111.41
950,26716427,82.54
951,15299300,113.89
952,1121819,202.87
953,8792322,36.51
954,12774891,96.53
955,20928,61.73
956,20933028,76.56
957,5249093,253.09
958,19316928,220.39
959,25567558,110.94
960,18805419,134.54
961,25296669,96.67
962,707599,221.62
963,30321255,92.87
964,21944822,165.84
965,2723368,63.47
966,904057,98.66
967,30998202,198.99
968,16149423,287.65
969,14369251,56.46
970,13785800,41.84
971,29127672,340.39
972,19507808,72.88
973,20942684,97.47
974,27555332,95.46
975,12566321,96.11
976,28388100,128.29
977,24022914,90.32
978,3487824,86.24
979,19769108,89.01
980,26925281,79.74
981,20308607,134.99
982,20137177,72.01
983,28805689,98.96
984,24188484,106.03
985,7208439,104.23
986,20881419,187.95
987,6832592,181.88
988,21367358,143.9
989,31161881,197.58
990,7483750,92.96
991,31361881,59.27
992,15365615,141.85
993,4645208,401.78
994,3394936,159.75
995,27369320,117.83
996,28217932,176.48
997,25098816,115.86
998,12157169,105.57
999,12949758,133.34
1000,29517368,47.69
1001,20601895,95.1
1002,18460936,263.52
1003,704764,135.12
1004,7153101,244.74
1005,17940236,81.43
1006,23435452,99.89
1007,17514702,330.95
1008,20897112,168.65
1009,24760401,291.39
1010,11478058,38.55
1011,22249018,204.03
1012,21385754,86.67
1013,13533362,94.02
1014,31094260,102.45
1015,3329962,92.25
1016,2578855,90.99
1017,28831979,84.39
1018,25952108,129.1
1019,20934326,97.37
1020,11259633,167.63
1021,1684236,128.34
1022,20413890,89.49
1023,30018439,172.73
1024,22807617,101.08
1025,28443632,86.45
1026,29378466,110.06
1027,29914151,107.57
1028,24700100,355.81
1029,24700432,373.41
1030,23999507,172.72
1031,22210627,194.97
1032,26160704,367.15
1033,2238105,97.39
1034,7021906,426.24
1035,4440686,188.35
1036,19785977,143.29
1037,11237631,233.47
1038,1371152,194.25
1039,18492245,103.02
1040,2297917,96.46
1041,7178490,123.38
1042,16477955,93.64
1043,4803403,101.63
1044,17496432,96.64
1045,23703054,298.21
1046,17315004,140.2
1047,6166307,92.82
1048,22713612,120.45
1049,31219741,204.17
1050,11127133,162.42
1051,25226896,59.48
1052,28106571,123.49
1053,13021064,104.69
1054,22208430,239.81
1055,25204844,92.49
1056,23478138,190.93
1057,936177,891.13
1058,43373,69.43
1059,24879614,126.29
1060,21645867,71.4
1061,31388375,183.95
1062,27703123,64.99
1063,17240732,162.94
1064,28414149,73.6
1065,6882211,135.93
1066,18880057,228.64
1067,193836,109.71
1068,28781130,266.77
1069,10247453,146.39
1070,13033238,70.21
1071,24750639,146.84
1072,6690388,100.5
1073,15929975,141.11
1074,7836953,279.52
1075,25685413,71.29
1076,24063141,155.26
1077,19115007,96.44
1078,4574039,155.3
1079,8904766,47.3
1080,6938542,104.83
1081,16000373,129.51
1082,28914167,294.43
1083,8734809,105.33
1084,4417792,196.82
1085,23200594,243.49
1086,29657809,58.0
1087,6314486,63.84
1088,30815319,94.5
1089,23628473,164.96
1090,18057759,138.91
1091,16054161,101.93
1092,29244690,176.09
1093,31596057,142.6
1094,9910025,113.4
1095,23104353,233.01
1096,22363097,188.97
1097,22342006,834.32
1098,27923815,116.64
1099,5104918,147.86
1100,20678766,152.01
1101,24212,203.61
1102,6956938,108.55
1103,25785133,108.58
1104,4550199,185.3
1105,30956677,53.23
1106,23001080,47.94
1107,27192505,101.85
1108,1561256,58.64
1109,8053990,64.48
1110,6105021,87.05
1111,19334274,66.35
1112,24360199,83.36
1113,27341321,93.48
1114,21488884,163.58
1115,9558353,123.73
1116,24734607,96.08
1117,14060306,53.71
1118,14410216,110.56
1119,20457240,244.2
1120,21080282,85.81
1121,27600784,208.31
1122,22213279,200.79
1123,7127036,125.43
1124,18510376,255.53
1125,16056739,97.67
1126,28438429,63.89
1127,22213270,147.77
1128,21326029,136.22
1129,20729321,150.26
1130,20028054,159.35
1131,29235143,110.48
1132,23981287,110.77
1133,17716612,409.75
1134,13096966,77.2
1135,21019635,195.92
1136,31223575,153.49
1137,8221520,218.74
1138,26425599,251.45
1139,29762055,51.62
1140,9945250,155.32
1141,32115631,186.66
1142,21883885,101.26
1143,20904606,138.1
1144,1159226,164.95
1145,5422159,138.29
1146,24123728,74.87
1147,30761790,111.62
1148,26786706,250.72
1149,14387546,73.58
1150,10231701,64.76
1151,17184528,168.06
1152,26453784,184.89
1153,5061411,259.88
1154,32237310,89.4
1155,11192999,226.27
1156,25789118,112.66
1157,16972042,141.86
1158,21965764,58.78
1159,5918741,131.37
1160,25804925,123.3
1161,20119509,145.03
1162,23073963,141.25
1163,19786042,230.65
1164,25670292,140.93
1165,21621984,222.28
1166,19412284,49.02
1167,31945065,111.21
1168,22435492,121.99
1169,13152707,55.75
1170,8099917,155.39
1171,7884782,145.18
1172,26037694,106.85
1173,24099531,143.4
1174,22289741,116.73
1175,7087957,122.06
1176,18502882,71.34
1177,4739190,79.71
1178,26014732,138.54
1179,18061557,105.79
1180,20618832,131.16
1181,15345600,100.35
1182,13644229,146.95
1183,22210390,335.66
1184,21766260,188.89
1185,6494181,222.43
1186,15566068,142.29
1187,22869703,101.54
1188,23192,162.59
1189,27584527,397.52
1190,9925993,72.31
1191,10362672,99.07
1192,21039284,115.46
1193,3040278,119.21
1194,16900385,150.44
1195,21460290,114.42
1196,26414626,289.34
1197,22308528,127.03
1198,552325,171.06
1199,15773947,111.35
1200,20969227,89.4
1201,5056580,102.89
1202,3739681,138.75
1203,11049779,172.94
1204,1602421,55.42
1205,24791840,229.6
1206,18252809,342.23
1207,31864513,119.92
1208,4360604,61.52
1209,19161605,310.24
1210,25427908,205.89
1211,19556655,113.66
1212,23702901,316.51
1213,26643765,55.32
1214,2955782,177.34
1215,15337460,92.65
1216,26082877,61.04
1217,30775742,97.42
1218,19457487,164.03
1219,24398635,113.49
1220,27813751,134.16
1221,23413590,87.78
1222,17906512,99.25
1223,21713138,195.1
1224,27724562,380.51
1225,30966290,114.56
1226,15951773,44.78
1227,20820681,60.22
1228,29610862,67.29
1229,23142445,79.32
1230,16613357,226.22
1231,23705097,309.33
1232,13194157,87.01
1233,27303441,60.84
1234,17207117,56.88
1235,21889312,71.13
1236,27212607,75.97
1237,18075421,149.03
1238,27807081,500.58
1239,22179673,133.36
1240,24452594,95.09
1241,25781184,113.94
1242,162563,54.87
1243,25110333,97.88
1244,20138116,44.9
1245,18292294,1001.7
1246,9907337,129.0
1247,3889330,41.83
1248,12003061,60.14
1249,28671142,57.44
1250,25454741,142.27
1251,24119570,141.01
1252,28470125,58.54
1253,19412734,130.04
1254,21576538,59.97
1255,24699941,171.72
1256,7638263,72.49
1257,13781518,152.37
1258,15232885,69.51
1259,8637174,140.77
1260,22870204,101.68
1261,18394173,93.6
1262,11637080,78.56
1263,11187428,200.89
1264,25326639,80.94
1265,22222090,85.45
1266,27838625,84.47
1267,28818995,119.55
1268,9110560,49.88
1269,9886971,217.67
1270,9318524,170.97
1271,14733912,140.94
1272,22307367,136.25
1273,27804969,268.63
1274,4165554,114.63
1275,22818034,101.62
1276,12892932,87.14
1277,24668434,146.9
1278,21890751,51.93
1279,21560493,906.64
1280,408526,334.6
1281,30044981,133.9
1282,27876107,120.14
1283,6837751,48.21
1284,24119571,197.64
1285,10676154,64.51
1286,17903631,79.64
1287,2935486,158.95
1288,19141278,287.3
1289,29031460,152.27
1290,15590057,99.8
1291,12812601,102.78
1292,27372338,253.39
1293,8780358,109.74
1294,31236847,99.25
1295,29280747,95.38
1296,29881128,164.22
1297,20171893,130.3
1298,7151417,202.71
1299,23702360,537.85
1300,30272303,119.35
1301,17962405,147.77
1302,12868418,241.83
1303,25643461,108.6
1304,18595563,138.61
1305,1100375,145.0
1306,1872885,71.46
1307,1961950,112.37
1308,27678730,123.39
1309,277416,137.48
1310,19574550,139.24
1311,20572116,119.8
1312,2318,302.77
1313,16556571,261.14
1314,28096147,87.75
1315,31795401,137.07
1316,16027567,68.63
1317,29193482,150.2
1318,22208887,349.53
1319,14061341,58.4
1320,16602857,334.87
1321,1097520,103.12
1322,2396734,249.42
1323,4352184,148.44
1324,29628945,146.24
1325,27896764,280.55
1326,28466215,123.77
1327,20982087,126.85
1328,21650542,92.52
1329,21608943,92.7
1330,2710274,63.1
1331,31644798,99.31
1332,20626196,184.38
1333,17030061,250.45
1334,27034906,93.15
1335,28610416,114.02
1336,18137986,55.82
1337,5031383,56.0
1338,28274802,82.47
1339,24132620,106.19
1340,30675870,161.03
1341,20266823,153.02
1342,27310651,29.91
1343,24700035,172.23
1344,30015234,414.05
1345,18394207,79.93
1346,24577695,103.28
1347,32115094,155.76
1348,29828911,103.75
1349,28293156,189.03
1350,28373622,50.79
1351,13875878,343.39
1352,18772284,72.48
1353,30539198,186.34
1354,18291977,976.02
1355,13033049,74.63
1356,24045054,133.57
1357,4652918,66.69
1358,17908207,101.45
1359,15400228,134.17
1360,18348358,60.94
1361,22146010,351.4
1362,24761195,258.78
1363,23789510,104.79
1364,24442940,151.74
1365,22151127,333.55
1366,18599695,99.09
1367,31625950,154.95
1368,25198725,86.4
1369,15483955,185.57
1370,22635055,214.57
1371,11552569,252.92
1372,7117296,75.37
1373,29968553,176.78
1374,28293112,190.12
1375,1909058,97.8
1376,27026356,88.27
1377,22870053,191.72
1378,14373797,129.86
1379,21680533,107.44
1380,48848,90.97
1381,19592594,66.53
1382,22937187,118.97
1383,22213007,339.39
1384,14634063,99.66
1385,23809259,215.68
1386,1980395,172.49
1387,14992816,226.41
1388,31022262,60.42
1389,1928010,76.13
1390,12957936,97.95
1391,24015983,185.35
1392,6387576,86.75
1393,13505391,124.91
1394,29372096,100.05
1395,17608455,112.26
1396,1956274,112.22
1397,25690435,207.93
1398,6423204,118.21
1399,13514630,70.3
1400,20651411,37.26
1401,3959460,104.48
1402,15009678,166.85
1403,23704668,178.95
1404,27368337,82.41
1405,29732114,82.47
1406,20460194,145.75
1407,27639215,56.61
1408,7616008,152.94
1409,31540415,193.82
1410,7561272,60.17
1411,16079409,125.98
1412,23702770,566.0
1413,22656833,266.86
1414,23841663,64.16
1415,25779638,45.59
1416,7826541,96.74
1417,28915023,56.66
1418,18778749,193.49
1419,22733768,101.41
1420,24065252,243.42
1421,30797362,425.0
1422,29776028,81.0
1423,27345980,160.26
1424,24010697,204.18
1425,4016079,160.99
1426,649243,43.14
1427,29761364,127.42
1428,19598979,102.63
1429,8524349,129.08
1430,3441450,164.88
1431,10904688,240.43
1432,12929985,82.98
1433,21322533,324.06
1434,28111328,177.85
1435,7772661,118.15
1436,21797343,31.22
1437,28471944,126.25
1438,1150519,208.19
1439,9698472,120.85
1440,24755619,154.74
1441,29242808,137.36
1442,8431932,119.35
1443,13564045,184.19
1444,3379116,155.03
1445,21997692,96.46
1446,28493997,70.81
1447,12138614,158.71
1448,22089984,97.47
1449,30159056,128.32
1450,10728153,66.15
1451,22799090,242.87
1452,23611082,95.33
1453,27081416,126.93
1454,16033188,68.05
1455,31077384,147.07
1456,18879484,94.23
1457,24142554,155.39
1458,27661813,154.22
1459,20309188,94.22
1460,13844274,200.05
1461,1588658,167.16
1462,7735313,123.93
1463,26369731,130.62
1464,14025287,218.39
1465,7013085,113.8
1466,21812619,103.07
1467,28033087,97.13
1468,27114760,131.15
1469,25430088,110.88
1470,21611266,150.32
1471,31222265,183.9
1472,14555211,56.2
1473,12426069,99.31
1474,25946070,55.17
1475,3209633,89.17
1476,26788913,131.21
1477,21888838,70.63
1478,24595820,137.96
1479,18858208,62.69
1480,26745152,74.04
1481,13415589,69.44
1482,24987242,112.7
1483,8627921,104.78
1484,17482729,158.96
1485,27807077,365.58
1486,24597727,230.32
1487,18119556,155.6
1488,16822666,266.0
1489,27929488,257.54
1490,26477739,94.31
1491,4439293,134.59
1492,24921248,59.84
1493,23111768,91.14
1494,397152,52.32
1495,24893567,90.6
1496,451012,239.44
1497,6780670,120.03
1498,7533537,88.38
1499,5328449,121.04
1500,29339367,139.5
1501,19786005,126.73
1502,23507877,124.21
1503,7562331,99.14
1504,21214526,89.47
1505,20328571,98.67
1506,31629829,144.1
1507,3677729,89.33
1508,9971854,155.1
1509,18491600,95.54
1510,13067177,141.41
1511,8608525,114.97
1512,8533375,92.78
1513,19595003,113.13
1514,13495812,107.18
1515,16881314,385.65
1516,19653854,178.54
1517,24716564,52.7
1518,20327872,65.11
1519,21695098,188.04
1520,14760988,152.15
1521,28844832,62.73
1522,26448115,199.99
1523,7886645,80.0
1524,21506343,82.44
1525,27580995,129.66
1526,7604654,168.33
1527,18947566,907.15
1528,29031562,204.07
1529,22208688,347.9
1530,16113811,173.97
1531,1796861,203.89
1532,7245581,53.93
1533,26036649,159.31
1534,23272907,127.87
1535,6451305,242.13
1536,13115403,151.72
1537,18331755,151.45
1538,23857378,66.89
1539,17736840,133.81
1540,7785646,96.22
1541,18929823,97.15
1542,24339021,164.41
1543,282934,106.57
1544,8956631,142.35
1545,31861313,192.2
1546,22413048,153.59
1547,14220165,124.2
1548,23854083,63.15
1549,30173659,184.28
1550,29224977,137.15
1551,3766055,64.22
1552,16220025,193.71
1553,19699685,123.34
1554,12496064,145.14
1555,22153600,152.68
1556,12849373,195.87
1557,3759039,109.86
1558,14696993,97.94
1559,18876264,483.44
1560,28106693,165.85
1561,14851222,60.27
1562,16000287,159.53
1563,13201375,146.05
1564,27523841,102.95
1565,8409969,28.19
1566,7349029,102.12
1567,890677,186.54
1568,12625278,61.95
1569,22326429,84.04
1570,794633,92.86
1571,23895640,61.66
1572,12760073,122.95
1573,31388361,53.25
1574,16220462,199.57
1575,19039988,103.69
1576,587584,134.0
1577,5259194,83.51
1578,24023258,65.88
1579,19786019,179.27
1580,31692153,233.07
1581,16220744,337.6
1582,13634950,61.23
1583,66611,53.75
1584,11890234,132.64
1585,17992913,131.14
1586,2586350,108.54
1587,26167317,149.31
1588,13397569,158.16
1589,8426827,140.23
1590,14855437,69.17
1591,21253127,90.89
1592,2191633,899.14
1593,25239084,105.58
1594,29040915,119.48
1595,29799024,155.65
1596,28283802,100.96
1597,1146966,68.03
1598,23295699,49.38
1599,29017573,139.94
1600,29172097,182.39
1601,1520581,47.0
1602,27841184,74.12
1603,21378400,116.87
1604,29760232,128.71
1605,6117473,51.83
1606,8304895,74.44
1607,22767814,109.98
1608,22732149,197.82
1609,28411810,75.72
1610,26366336,143.98
1611,26806145,77.0
1612,18460943,253.94
1613,11360591,122.87
1614,20622986,100.16
1615,29157564,98.61
1616,13623929,51.98
1617,26713965,223.09
1618,16690527,97.95
1619,30937250,57.85
1620,11392479,85.43
1621,7343707,192.34
1622,22131084,86.38
1623,2715623,137.34
1624,26274303,76.55
1625,22292161,78.91
1626,3333971,168.74
1627,20283906,127.21
1628,16678896,164.26
1629,31073049,66.37
1630,2489339,101.48
1631,4024844,91.19
1632,21624980,745.79
1633,23812715,43.49
1634,6087451,123.09
1635,30709421,160.86
1636,27169115,46.81
1637,23254125,91.11
1638,6032726,501.92
1639,24224169,151.99
1640,11337213,97.45
1641,16964624,126.68
1642,12837073,70.56
1643,27483264,130.88
1644,18737568,83.58
1645,29384355,232.38
1646,28292113,213.55
1647,10656491,75.54
1648,22151288,324.07
1649,29196984,160.55
1650,19893857,43.68
1651,28406424,116.5
1652,13999427,115.34
1653,11462832,68.23
1654,9216874,144.47
1655,5749958,179.91
1656,18177134,105.45
1657,22152341,337.12
1658,8446541,65.59
1659,14398293,90.84
1660,1815304,109.85
1661,1531351,123.43
1662,18979781,162.15
1663,10773776,113.74
1664,20071314,76.02
1665,22928538,81.2
1666,27526987,111.84
1667,6002165,291.6
1668,29132538,101.19
1669,6214517,122.72
1670,29313597,163.38
1671,22210078,188.72
1672,22152397,217.22
1673,28811090,100.01
1674,21445367,181.82
1675,3906733,66.66
1676,28030737,153.37
1677,13881215,207.34
1678,12144296,190.67
1679,30417906,176.63
1680,25982945,223.96
1681,22208932,199.9
1682,30290825,65.23
1683,6561379,125.09
1684,23422265,253.77
1685,11209111,294.12
1686,20070375,198.35
1687,580815,146.83
1688,19619,115.37
1689,29990523,112.29
1690,31834306,61.71
1691,15204561,107.99
1692,22889945,148.49
1693,22208053,249.43
1694,23201936,161.58
1695,7718139,77.81
1696,15346144,124.25
1697,9085832,77.5
1698,22750242,98.26
1699,19913826,127.02
1700,7417852,55.52
1701,24695804,267.05
1702,20390023,91.39
1703,29226284,129.72
1704,241016,138.49
1705,7096547,159.24
1706,30735720,154.56
1707,24752447,129.26
1708,25982024,105.3
1709,6793490,117.05
1710,16791550,126.65
1711,16326364,231.76
1712,21560487,874.71
1713,27698134,133.2
1714,18758081,106.3
1715,4681687,97.58
1716,22869696,112.62
1717,22210739,179.23
1718,13204645,140.89
1719,25953013,179.23
1720,20270314,129.26
1721,8157486,47.19
1722,21011036,195.74
1723,29717479,47.57
1724,4223597,181.08
1725,15817305,170.54
1726,29963361,125.09
1727,387464,82.44
1728,6211882,73.58
1729,19350610,95.35
1730,7886656,112.41
1731,3535171,55.45
1732,27930170,114.38
1733,20256234,196.69
